{
	"sources" : 
	[
		{
			"file" : "/home/qw/opencv-3.4.15/modules/superres/include/opencv2/superres.hpp",
			"labels" : 
			[
				"Main",
				"opencv_superres",
				"Module"
			]
		},
		{
			"file" : "/home/qw/opencv-3.4.15/modules/superres/include/opencv2/superres/optical_flow.hpp",
			"labels" : 
			[
				"Main",
				"opencv_superres",
				"Module"
			]
		},
		{
			"file" : "/home/qw/opencv-3.4.15/modules/superres/src/btv_l1.cpp",
			"labels" : 
			[
				"Main",
				"opencv_superres",
				"Module"
			]
		},
		{
			"file" : "/home/qw/opencv-3.4.15/modules/superres/src/btv_l1_cuda.cpp",
			"labels" : 
			[
				"Main",
				"opencv_superres",
				"Module"
			]
		},
		{
			"file" : "/home/qw/opencv-3.4.15/modules/superres/src/frame_source.cpp",
			"labels" : 
			[
				"Main",
				"opencv_superres",
				"Module"
			]
		},
		{
			"file" : "/home/qw/opencv-3.4.15/modules/superres/src/input_array_utility.cpp",
			"labels" : 
			[
				"Main",
				"opencv_superres",
				"Module"
			]
		},
		{
			"file" : "/home/qw/opencv-3.4.15/modules/superres/src/optical_flow.cpp",
			"labels" : 
			[
				"Main",
				"opencv_superres",
				"Module"
			]
		},
		{
			"file" : "/home/qw/opencv-3.4.15/modules/superres/src/super_resolution.cpp",
			"labels" : 
			[
				"Main",
				"opencv_superres",
				"Module"
			]
		},
		{
			"file" : "/home/qw/opencv-3.4.15/modules/superres/src/opencl/superres_btvl1.cl",
			"labels" : 
			[
				"Main",
				"opencv_superres",
				"Module"
			]
		},
		{
			"file" : "/home/qw/opencv-3.4.15/build/modules/superres/opencl_kernels_superres.cpp",
			"labels" : 
			[
				"Main",
				"opencv_superres",
				"Module"
			]
		},
		{
			"file" : "/home/qw/opencv-3.4.15/build/modules/superres/opencl_kernels_superres.hpp",
			"labels" : 
			[
				"Main",
				"opencv_superres",
				"Module"
			]
		},
		{
			"file" : "/home/qw/opencv-3.4.15/modules/superres/src/input_array_utility.hpp",
			"labels" : 
			[
				"Main",
				"opencv_superres",
				"Module"
			]
		},
		{
			"file" : "/home/qw/opencv-3.4.15/modules/superres/src/precomp.hpp",
			"labels" : 
			[
				"Main",
				"opencv_superres",
				"Module"
			]
		},
		{
			"file" : "/home/qw/opencv-3.4.15/modules/superres/src/ring_buffer.hpp",
			"labels" : 
			[
				"Main",
				"opencv_superres",
				"Module"
			]
		},
		{
			"file" : "/home/qw/opencv-3.4.15/build/cvconfig.h"
		},
		{
			"file" : "/home/qw/opencv-3.4.15/build/opencv2/opencv_modules.hpp"
		},
		{
			"file" : "/home/qw/opencv-3.4.15/build/modules/superres/opencl_kernels_superres.cpp.rule"
		}
	],
	"target" : 
	{
		"labels" : 
		[
			"Main",
			"opencv_superres",
			"Module"
		],
		"name" : "opencv_superres"
	}
}