{
	"sources" : 
	[
		{
			"file" : "/home/qw/opencv-3.4.15/modules/highgui/include/opencv2/highgui.hpp",
			"labels" : 
			[
				"Main",
				"opencv_highgui",
				"Module"
			]
		},
		{
			"file" : "/home/qw/opencv-3.4.15/modules/highgui/include/opencv2/highgui/highgui.hpp",
			"labels" : 
			[
				"Main",
				"opencv_highgui",
				"Module"
			]
		},
		{
			"file" : "/home/qw/opencv-3.4.15/modules/highgui/include/opencv2/highgui/highgui_c.h",
			"labels" : 
			[
				"Main",
				"opencv_highgui",
				"Module"
			]
		},
		{
			"file" : "/home/qw/opencv-3.4.15/modules/highgui/src/window.cpp",
			"labels" : 
			[
				"Main",
				"opencv_highgui",
				"Module"
			]
		},
		{
			"file" : "/home/qw/opencv-3.4.15/modules/highgui/src/roiSelector.cpp",
			"labels" : 
			[
				"Main",
				"opencv_highgui",
				"Module"
			]
		},
		{
			"file" : "/home/qw/opencv-3.4.15/modules/highgui/src/precomp.hpp",
			"labels" : 
			[
				"Main",
				"opencv_highgui",
				"Module"
			]
		},
		{
			"file" : "/home/qw/opencv-3.4.15/build/cvconfig.h"
		},
		{
			"file" : "/home/qw/opencv-3.4.15/build/opencv2/opencv_modules.hpp"
		}
	],
	"target" : 
	{
		"labels" : 
		[
			"Main",
			"opencv_highgui",
			"Module"
		],
		"name" : "opencv_highgui"
	}
}