{
	"sources" : 
	[
		{
			"file" : "/home/qw/opencv-3.4.15/modules/dnn/test/test_common.hpp",
			"labels" : 
			[
				"Main",
				"opencv_dnn",
				"PerfTest"
			]
		},
		{
			"file" : "/home/qw/opencv-3.4.15/modules/dnn/test/test_common.impl.hpp",
			"labels" : 
			[
				"Main",
				"opencv_dnn",
				"PerfTest"
			]
		},
		{
			"file" : "/home/qw/opencv-3.4.15/modules/dnn/perf/perf_caffe.cpp",
			"labels" : 
			[
				"Main",
				"opencv_dnn",
				"PerfTest"
			]
		},
		{
			"file" : "/home/qw/opencv-3.4.15/modules/dnn/perf/perf_common.cpp",
			"labels" : 
			[
				"Main",
				"opencv_dnn",
				"PerfTest"
			]
		},
		{
			"file" : "/home/qw/opencv-3.4.15/modules/dnn/perf/perf_convolution.cpp",
			"labels" : 
			[
				"Main",
				"opencv_dnn",
				"PerfTest"
			]
		},
		{
			"file" : "/home/qw/opencv-3.4.15/modules/dnn/perf/perf_convolution1d.cpp",
			"labels" : 
			[
				"Main",
				"opencv_dnn",
				"PerfTest"
			]
		},
		{
			"file" : "/home/qw/opencv-3.4.15/modules/dnn/perf/perf_convolution3d.cpp",
			"labels" : 
			[
				"Main",
				"opencv_dnn",
				"PerfTest"
			]
		},
		{
			"file" : "/home/qw/opencv-3.4.15/modules/dnn/perf/perf_layer.cpp",
			"labels" : 
			[
				"Main",
				"opencv_dnn",
				"PerfTest"
			]
		},
		{
			"file" : "/home/qw/opencv-3.4.15/modules/dnn/perf/perf_main.cpp",
			"labels" : 
			[
				"Main",
				"opencv_dnn",
				"PerfTest"
			]
		},
		{
			"file" : "/home/qw/opencv-3.4.15/modules/dnn/perf/perf_net.cpp",
			"labels" : 
			[
				"Main",
				"opencv_dnn",
				"PerfTest"
			]
		},
		{
			"file" : "/home/qw/opencv-3.4.15/modules/dnn/perf/perf_precomp.hpp",
			"labels" : 
			[
				"Main",
				"opencv_dnn",
				"PerfTest"
			]
		}
	],
	"target" : 
	{
		"labels" : 
		[
			"Main",
			"opencv_dnn",
			"PerfTest"
		],
		"name" : "opencv_perf_dnn"
	}
}