{
	"sources" : 
	[
		{
			"file" : "/home/qw/opencv-3.4.15/modules/superres/perf/perf_main.cpp",
			"labels" : 
			[
				"Main",
				"opencv_superres",
				"PerfTest"
			]
		},
		{
			"file" : "/home/qw/opencv-3.4.15/modules/superres/perf/perf_superres.cpp",
			"labels" : 
			[
				"Main",
				"opencv_superres",
				"PerfTest"
			]
		},
		{
			"file" : "/home/qw/opencv-3.4.15/modules/superres/perf/perf_precomp.hpp",
			"labels" : 
			[
				"Main",
				"opencv_superres",
				"PerfTest"
			]
		}
	],
	"target" : 
	{
		"labels" : 
		[
			"Main",
			"opencv_superres",
			"PerfTest"
		],
		"name" : "opencv_perf_superres"
	}
}