{
	"sources" : 
	[
		{
			"file" : "/home/qw/opencv-3.4.15/modules/photo/perf/opencl/perf_denoising.cpp",
			"labels" : 
			[
				"Main",
				"opencv_photo",
				"PerfTest"
			]
		},
		{
			"file" : "/home/qw/opencv-3.4.15/modules/photo/perf/perf_cuda.cpp",
			"labels" : 
			[
				"Main",
				"opencv_photo",
				"PerfTest"
			]
		},
		{
			"file" : "/home/qw/opencv-3.4.15/modules/photo/perf/perf_inpaint.cpp",
			"labels" : 
			[
				"Main",
				"opencv_photo",
				"PerfTest"
			]
		},
		{
			"file" : "/home/qw/opencv-3.4.15/modules/photo/perf/perf_main.cpp",
			"labels" : 
			[
				"Main",
				"opencv_photo",
				"PerfTest"
			]
		},
		{
			"file" : "/home/qw/opencv-3.4.15/modules/photo/perf/perf_precomp.hpp",
			"labels" : 
			[
				"Main",
				"opencv_photo",
				"PerfTest"
			]
		}
	],
	"target" : 
	{
		"labels" : 
		[
			"Main",
			"opencv_photo",
			"PerfTest"
		],
		"name" : "opencv_perf_photo"
	}
}