{
	"sources" : 
	[
		{
			"file" : "/home/qw/opencv-3.4.15/modules/objdetect/include/opencv2/objdetect.hpp",
			"labels" : 
			[
				"Main",
				"opencv_objdetect",
				"Module"
			]
		},
		{
			"file" : "/home/qw/opencv-3.4.15/modules/objdetect/include/opencv2/objdetect/detection_based_tracker.hpp",
			"labels" : 
			[
				"Main",
				"opencv_objdetect",
				"Module"
			]
		},
		{
			"file" : "/home/qw/opencv-3.4.15/modules/objdetect/include/opencv2/objdetect/objdetect.hpp",
			"labels" : 
			[
				"Main",
				"opencv_objdetect",
				"Module"
			]
		},
		{
			"file" : "/home/qw/opencv-3.4.15/modules/objdetect/include/opencv2/objdetect/objdetect_c.h",
			"labels" : 
			[
				"Main",
				"opencv_objdetect",
				"Module"
			]
		},
		{
			"file" : "/home/qw/opencv-3.4.15/modules/objdetect/src/cascadedetect.cpp",
			"labels" : 
			[
				"Main",
				"opencv_objdetect",
				"Module"
			]
		},
		{
			"file" : "/home/qw/opencv-3.4.15/modules/objdetect/src/cascadedetect_convert.cpp",
			"labels" : 
			[
				"Main",
				"opencv_objdetect",
				"Module"
			]
		},
		{
			"file" : "/home/qw/opencv-3.4.15/modules/objdetect/src/detection_based_tracker.cpp",
			"labels" : 
			[
				"Main",
				"opencv_objdetect",
				"Module"
			]
		},
		{
			"file" : "/home/qw/opencv-3.4.15/modules/objdetect/src/haar.cpp",
			"labels" : 
			[
				"Main",
				"opencv_objdetect",
				"Module"
			]
		},
		{
			"file" : "/home/qw/opencv-3.4.15/modules/objdetect/src/hog.cpp",
			"labels" : 
			[
				"Main",
				"opencv_objdetect",
				"Module"
			]
		},
		{
			"file" : "/home/qw/opencv-3.4.15/modules/objdetect/src/main.cpp",
			"labels" : 
			[
				"Main",
				"opencv_objdetect",
				"Module"
			]
		},
		{
			"file" : "/home/qw/opencv-3.4.15/modules/objdetect/src/qrcode.cpp",
			"labels" : 
			[
				"Main",
				"opencv_objdetect",
				"Module"
			]
		},
		{
			"file" : "/home/qw/opencv-3.4.15/modules/objdetect/src/opencl/cascadedetect.cl",
			"labels" : 
			[
				"Main",
				"opencv_objdetect",
				"Module"
			]
		},
		{
			"file" : "/home/qw/opencv-3.4.15/modules/objdetect/src/opencl/objdetect_hog.cl",
			"labels" : 
			[
				"Main",
				"opencv_objdetect",
				"Module"
			]
		},
		{
			"file" : "/home/qw/opencv-3.4.15/build/modules/objdetect/opencl_kernels_objdetect.cpp",
			"labels" : 
			[
				"Main",
				"opencv_objdetect",
				"Module"
			]
		},
		{
			"file" : "/home/qw/opencv-3.4.15/build/modules/objdetect/opencl_kernels_objdetect.hpp",
			"labels" : 
			[
				"Main",
				"opencv_objdetect",
				"Module"
			]
		},
		{
			"file" : "/home/qw/opencv-3.4.15/modules/objdetect/src/cascadedetect.hpp",
			"labels" : 
			[
				"Main",
				"opencv_objdetect",
				"Module"
			]
		},
		{
			"file" : "/home/qw/opencv-3.4.15/modules/objdetect/src/haar.hpp",
			"labels" : 
			[
				"Main",
				"opencv_objdetect",
				"Module"
			]
		},
		{
			"file" : "/home/qw/opencv-3.4.15/modules/objdetect/src/precomp.hpp",
			"labels" : 
			[
				"Main",
				"opencv_objdetect",
				"Module"
			]
		},
		{
			"file" : "/home/qw/opencv-3.4.15/build/cvconfig.h"
		},
		{
			"file" : "/home/qw/opencv-3.4.15/build/opencv2/opencv_modules.hpp"
		},
		{
			"file" : "/home/qw/opencv-3.4.15/build/modules/objdetect/opencl_kernels_objdetect.cpp.rule"
		}
	],
	"target" : 
	{
		"labels" : 
		[
			"Main",
			"opencv_objdetect",
			"Module"
		],
		"name" : "opencv_objdetect"
	}
}