{
	"sources" : 
	[
		{
			"file" : "/home/qw/opencv-3.4.15/modules/shape/include/opencv2/shape.hpp",
			"labels" : 
			[
				"Main",
				"opencv_shape",
				"Module"
			]
		},
		{
			"file" : "/home/qw/opencv-3.4.15/modules/shape/include/opencv2/shape/emdL1.hpp",
			"labels" : 
			[
				"Main",
				"opencv_shape",
				"Module"
			]
		},
		{
			"file" : "/home/qw/opencv-3.4.15/modules/shape/include/opencv2/shape/hist_cost.hpp",
			"labels" : 
			[
				"Main",
				"opencv_shape",
				"Module"
			]
		},
		{
			"file" : "/home/qw/opencv-3.4.15/modules/shape/include/opencv2/shape/shape.hpp",
			"labels" : 
			[
				"Main",
				"opencv_shape",
				"Module"
			]
		},
		{
			"file" : "/home/qw/opencv-3.4.15/modules/shape/include/opencv2/shape/shape_distance.hpp",
			"labels" : 
			[
				"Main",
				"opencv_shape",
				"Module"
			]
		},
		{
			"file" : "/home/qw/opencv-3.4.15/modules/shape/include/opencv2/shape/shape_transformer.hpp",
			"labels" : 
			[
				"Main",
				"opencv_shape",
				"Module"
			]
		},
		{
			"file" : "/home/qw/opencv-3.4.15/modules/shape/src/aff_trans.cpp",
			"labels" : 
			[
				"Main",
				"opencv_shape",
				"Module"
			]
		},
		{
			"file" : "/home/qw/opencv-3.4.15/modules/shape/src/emdL1.cpp",
			"labels" : 
			[
				"Main",
				"opencv_shape",
				"Module"
			]
		},
		{
			"file" : "/home/qw/opencv-3.4.15/modules/shape/src/haus_dis.cpp",
			"labels" : 
			[
				"Main",
				"opencv_shape",
				"Module"
			]
		},
		{
			"file" : "/home/qw/opencv-3.4.15/modules/shape/src/hist_cost.cpp",
			"labels" : 
			[
				"Main",
				"opencv_shape",
				"Module"
			]
		},
		{
			"file" : "/home/qw/opencv-3.4.15/modules/shape/src/sc_dis.cpp",
			"labels" : 
			[
				"Main",
				"opencv_shape",
				"Module"
			]
		},
		{
			"file" : "/home/qw/opencv-3.4.15/modules/shape/src/tps_trans.cpp",
			"labels" : 
			[
				"Main",
				"opencv_shape",
				"Module"
			]
		},
		{
			"file" : "/home/qw/opencv-3.4.15/modules/shape/src/emdL1_def.hpp",
			"labels" : 
			[
				"Main",
				"opencv_shape",
				"Module"
			]
		},
		{
			"file" : "/home/qw/opencv-3.4.15/modules/shape/src/precomp.hpp",
			"labels" : 
			[
				"Main",
				"opencv_shape",
				"Module"
			]
		},
		{
			"file" : "/home/qw/opencv-3.4.15/modules/shape/src/scd_def.hpp",
			"labels" : 
			[
				"Main",
				"opencv_shape",
				"Module"
			]
		},
		{
			"file" : "/home/qw/opencv-3.4.15/build/cvconfig.h"
		},
		{
			"file" : "/home/qw/opencv-3.4.15/build/opencv2/opencv_modules.hpp"
		}
	],
	"target" : 
	{
		"labels" : 
		[
			"Main",
			"opencv_shape",
			"Module"
		],
		"name" : "opencv_shape"
	}
}