{
	"sources" : 
	[
		{
			"file" : "/home/qw/opencv-3.4.15/modules/video/include/opencv2/video.hpp",
			"labels" : 
			[
				"Main",
				"opencv_video",
				"Module"
			]
		},
		{
			"file" : "/home/qw/opencv-3.4.15/modules/video/include/opencv2/video/background_segm.hpp",
			"labels" : 
			[
				"Main",
				"opencv_video",
				"Module"
			]
		},
		{
			"file" : "/home/qw/opencv-3.4.15/modules/video/include/opencv2/video/tracking.hpp",
			"labels" : 
			[
				"Main",
				"opencv_video",
				"Module"
			]
		},
		{
			"file" : "/home/qw/opencv-3.4.15/modules/video/include/opencv2/video/tracking_c.h",
			"labels" : 
			[
				"Main",
				"opencv_video",
				"Module"
			]
		},
		{
			"file" : "/home/qw/opencv-3.4.15/modules/video/include/opencv2/video/video.hpp",
			"labels" : 
			[
				"Main",
				"opencv_video",
				"Module"
			]
		},
		{
			"file" : "/home/qw/opencv-3.4.15/modules/video/src/bgfg_KNN.cpp",
			"labels" : 
			[
				"Main",
				"opencv_video",
				"Module"
			]
		},
		{
			"file" : "/home/qw/opencv-3.4.15/modules/video/src/bgfg_gaussmix2.cpp",
			"labels" : 
			[
				"Main",
				"opencv_video",
				"Module"
			]
		},
		{
			"file" : "/home/qw/opencv-3.4.15/modules/video/src/camshift.cpp",
			"labels" : 
			[
				"Main",
				"opencv_video",
				"Module"
			]
		},
		{
			"file" : "/home/qw/opencv-3.4.15/modules/video/src/compat_video.cpp",
			"labels" : 
			[
				"Main",
				"opencv_video",
				"Module"
			]
		},
		{
			"file" : "/home/qw/opencv-3.4.15/modules/video/src/ecc.cpp",
			"labels" : 
			[
				"Main",
				"opencv_video",
				"Module"
			]
		},
		{
			"file" : "/home/qw/opencv-3.4.15/modules/video/src/kalman.cpp",
			"labels" : 
			[
				"Main",
				"opencv_video",
				"Module"
			]
		},
		{
			"file" : "/home/qw/opencv-3.4.15/modules/video/src/lkpyramid.cpp",
			"labels" : 
			[
				"Main",
				"opencv_video",
				"Module"
			]
		},
		{
			"file" : "/home/qw/opencv-3.4.15/modules/video/src/optflowgf.cpp",
			"labels" : 
			[
				"Main",
				"opencv_video",
				"Module"
			]
		},
		{
			"file" : "/home/qw/opencv-3.4.15/modules/video/src/tvl1flow.cpp",
			"labels" : 
			[
				"Main",
				"opencv_video",
				"Module"
			]
		},
		{
			"file" : "/home/qw/opencv-3.4.15/modules/video/src/opencl/bgfg_knn.cl",
			"labels" : 
			[
				"Main",
				"opencv_video",
				"Module"
			]
		},
		{
			"file" : "/home/qw/opencv-3.4.15/modules/video/src/opencl/bgfg_mog2.cl",
			"labels" : 
			[
				"Main",
				"opencv_video",
				"Module"
			]
		},
		{
			"file" : "/home/qw/opencv-3.4.15/modules/video/src/opencl/optical_flow_farneback.cl",
			"labels" : 
			[
				"Main",
				"opencv_video",
				"Module"
			]
		},
		{
			"file" : "/home/qw/opencv-3.4.15/modules/video/src/opencl/optical_flow_tvl1.cl",
			"labels" : 
			[
				"Main",
				"opencv_video",
				"Module"
			]
		},
		{
			"file" : "/home/qw/opencv-3.4.15/modules/video/src/opencl/pyrlk.cl",
			"labels" : 
			[
				"Main",
				"opencv_video",
				"Module"
			]
		},
		{
			"file" : "/home/qw/opencv-3.4.15/build/modules/video/opencl_kernels_video.cpp",
			"labels" : 
			[
				"Main",
				"opencv_video",
				"Module"
			]
		},
		{
			"file" : "/home/qw/opencv-3.4.15/build/modules/video/opencl_kernels_video.hpp",
			"labels" : 
			[
				"Main",
				"opencv_video",
				"Module"
			]
		},
		{
			"file" : "/home/qw/opencv-3.4.15/modules/video/src/lkpyramid.hpp",
			"labels" : 
			[
				"Main",
				"opencv_video",
				"Module"
			]
		},
		{
			"file" : "/home/qw/opencv-3.4.15/modules/video/src/precomp.hpp",
			"labels" : 
			[
				"Main",
				"opencv_video",
				"Module"
			]
		},
		{
			"file" : "/home/qw/opencv-3.4.15/build/cvconfig.h"
		},
		{
			"file" : "/home/qw/opencv-3.4.15/build/opencv2/opencv_modules.hpp"
		},
		{
			"file" : "/home/qw/opencv-3.4.15/build/modules/video/opencl_kernels_video.cpp.rule"
		}
	],
	"target" : 
	{
		"labels" : 
		[
			"Main",
			"opencv_video",
			"Module"
		],
		"name" : "opencv_video"
	}
}