{
	"sources" : 
	[
		{
			"file" : "/home/qw/opencv-3.4.15/modules/features2d/perf/opencl/perf_brute_force_matcher.cpp",
			"labels" : 
			[
				"Main",
				"opencv_features2d",
				"PerfTest"
			]
		},
		{
			"file" : "/home/qw/opencv-3.4.15/modules/features2d/perf/opencl/perf_feature2d.cpp",
			"labels" : 
			[
				"Main",
				"opencv_features2d",
				"PerfTest"
			]
		},
		{
			"file" : "/home/qw/opencv-3.4.15/modules/features2d/perf/perf_batchDistance.cpp",
			"labels" : 
			[
				"Main",
				"opencv_features2d",
				"PerfTest"
			]
		},
		{
			"file" : "/home/qw/opencv-3.4.15/modules/features2d/perf/perf_feature2d.cpp",
			"labels" : 
			[
				"Main",
				"opencv_features2d",
				"PerfTest"
			]
		},
		{
			"file" : "/home/qw/opencv-3.4.15/modules/features2d/perf/perf_main.cpp",
			"labels" : 
			[
				"Main",
				"opencv_features2d",
				"PerfTest"
			]
		},
		{
			"file" : "/home/qw/opencv-3.4.15/modules/features2d/perf/perf_feature2d.hpp",
			"labels" : 
			[
				"Main",
				"opencv_features2d",
				"PerfTest"
			]
		},
		{
			"file" : "/home/qw/opencv-3.4.15/modules/features2d/perf/perf_precomp.hpp",
			"labels" : 
			[
				"Main",
				"opencv_features2d",
				"PerfTest"
			]
		}
	],
	"target" : 
	{
		"labels" : 
		[
			"Main",
			"opencv_features2d",
			"PerfTest"
		],
		"name" : "opencv_perf_features2d"
	}
}