{
	"sources" : 
	[
		{
			"file" : "/home/qw/opencv-3.4.15/modules/videoio/include/opencv2/videoio.hpp",
			"labels" : 
			[
				"Main",
				"opencv_videoio",
				"Module"
			]
		},
		{
			"file" : "/home/qw/opencv-3.4.15/modules/videoio/include/opencv2/videoio/cap_ios.h",
			"labels" : 
			[
				"Main",
				"opencv_videoio",
				"Module"
			]
		},
		{
			"file" : "/home/qw/opencv-3.4.15/modules/videoio/include/opencv2/videoio/container_avi.private.hpp",
			"labels" : 
			[
				"Main",
				"opencv_videoio",
				"Module"
			]
		},
		{
			"file" : "/home/qw/opencv-3.4.15/modules/videoio/include/opencv2/videoio/registry.hpp",
			"labels" : 
			[
				"Main",
				"opencv_videoio",
				"Module"
			]
		},
		{
			"file" : "/home/qw/opencv-3.4.15/modules/videoio/include/opencv2/videoio/videoio.hpp",
			"labels" : 
			[
				"Main",
				"opencv_videoio",
				"Module"
			]
		},
		{
			"file" : "/home/qw/opencv-3.4.15/modules/videoio/include/opencv2/videoio/videoio_c.h",
			"labels" : 
			[
				"Main",
				"opencv_videoio",
				"Module"
			]
		},
		{
			"file" : "/home/qw/opencv-3.4.15/modules/videoio/src/videoio_registry.cpp",
			"labels" : 
			[
				"Main",
				"opencv_videoio",
				"Module"
			]
		},
		{
			"file" : "/home/qw/opencv-3.4.15/modules/videoio/src/videoio_c.cpp",
			"labels" : 
			[
				"Main",
				"opencv_videoio",
				"Module"
			]
		},
		{
			"file" : "/home/qw/opencv-3.4.15/modules/videoio/src/cap.cpp",
			"labels" : 
			[
				"Main",
				"opencv_videoio",
				"Module"
			]
		},
		{
			"file" : "/home/qw/opencv-3.4.15/modules/videoio/src/cap_images.cpp",
			"labels" : 
			[
				"Main",
				"opencv_videoio",
				"Module"
			]
		},
		{
			"file" : "/home/qw/opencv-3.4.15/modules/videoio/src/cap_mjpeg_encoder.cpp",
			"labels" : 
			[
				"Main",
				"opencv_videoio",
				"Module"
			]
		},
		{
			"file" : "/home/qw/opencv-3.4.15/modules/videoio/src/cap_mjpeg_decoder.cpp",
			"labels" : 
			[
				"Main",
				"opencv_videoio",
				"Module"
			]
		},
		{
			"file" : "/home/qw/opencv-3.4.15/modules/videoio/src/container_avi.cpp",
			"labels" : 
			[
				"Main",
				"opencv_videoio",
				"Module"
			]
		},
		{
			"file" : "/home/qw/opencv-3.4.15/modules/videoio/src/cap_v4l.cpp",
			"labels" : 
			[
				"Main",
				"opencv_videoio",
				"Module"
			]
		},
		{
			"file" : "/home/qw/opencv-3.4.15/modules/videoio/src/precomp.hpp",
			"labels" : 
			[
				"Main",
				"opencv_videoio",
				"Module"
			]
		},
		{
			"file" : "/home/qw/opencv-3.4.15/build/cvconfig.h"
		},
		{
			"file" : "/home/qw/opencv-3.4.15/build/opencv2/opencv_modules.hpp"
		}
	],
	"target" : 
	{
		"labels" : 
		[
			"Main",
			"opencv_videoio",
			"Module"
		],
		"name" : "opencv_videoio"
	}
}