{
	"sources" : 
	[
		{
			"file" : "/home/qw/opencv-3.4.15/modules/objdetect/perf/opencl/perf_cascades.cpp",
			"labels" : 
			[
				"Main",
				"opencv_objdetect",
				"PerfTest"
			]
		},
		{
			"file" : "/home/qw/opencv-3.4.15/modules/objdetect/perf/opencl/perf_hogdetect.cpp",
			"labels" : 
			[
				"Main",
				"opencv_objdetect",
				"PerfTest"
			]
		},
		{
			"file" : "/home/qw/opencv-3.4.15/modules/objdetect/perf/perf_main.cpp",
			"labels" : 
			[
				"Main",
				"opencv_objdetect",
				"PerfTest"
			]
		},
		{
			"file" : "/home/qw/opencv-3.4.15/modules/objdetect/perf/perf_qrcode_pipeline.cpp",
			"labels" : 
			[
				"Main",
				"opencv_objdetect",
				"PerfTest"
			]
		},
		{
			"file" : "/home/qw/opencv-3.4.15/modules/objdetect/perf/perf_precomp.hpp",
			"labels" : 
			[
				"Main",
				"opencv_objdetect",
				"PerfTest"
			]
		}
	],
	"target" : 
	{
		"labels" : 
		[
			"Main",
			"opencv_objdetect",
			"PerfTest"
		],
		"name" : "opencv_perf_objdetect"
	}
}