{
	"sources" : 
	[
		{
			"file" : "/home/qw/opencv-3.4.15/modules/video/perf/opencl/perf_bgfg_knn.cpp",
			"labels" : 
			[
				"Main",
				"opencv_video",
				"PerfTest"
			]
		},
		{
			"file" : "/home/qw/opencv-3.4.15/modules/video/perf/opencl/perf_bgfg_mog2.cpp",
			"labels" : 
			[
				"Main",
				"opencv_video",
				"PerfTest"
			]
		},
		{
			"file" : "/home/qw/opencv-3.4.15/modules/video/perf/opencl/perf_motempl.cpp",
			"labels" : 
			[
				"Main",
				"opencv_video",
				"PerfTest"
			]
		},
		{
			"file" : "/home/qw/opencv-3.4.15/modules/video/perf/opencl/perf_optflow_dualTVL1.cpp",
			"labels" : 
			[
				"Main",
				"opencv_video",
				"PerfTest"
			]
		},
		{
			"file" : "/home/qw/opencv-3.4.15/modules/video/perf/opencl/perf_optflow_farneback.cpp",
			"labels" : 
			[
				"Main",
				"opencv_video",
				"PerfTest"
			]
		},
		{
			"file" : "/home/qw/opencv-3.4.15/modules/video/perf/opencl/perf_optflow_pyrlk.cpp",
			"labels" : 
			[
				"Main",
				"opencv_video",
				"PerfTest"
			]
		},
		{
			"file" : "/home/qw/opencv-3.4.15/modules/video/perf/perf_bgfg_knn.cpp",
			"labels" : 
			[
				"Main",
				"opencv_video",
				"PerfTest"
			]
		},
		{
			"file" : "/home/qw/opencv-3.4.15/modules/video/perf/perf_bgfg_mog2.cpp",
			"labels" : 
			[
				"Main",
				"opencv_video",
				"PerfTest"
			]
		},
		{
			"file" : "/home/qw/opencv-3.4.15/modules/video/perf/perf_ecc.cpp",
			"labels" : 
			[
				"Main",
				"opencv_video",
				"PerfTest"
			]
		},
		{
			"file" : "/home/qw/opencv-3.4.15/modules/video/perf/perf_main.cpp",
			"labels" : 
			[
				"Main",
				"opencv_video",
				"PerfTest"
			]
		},
		{
			"file" : "/home/qw/opencv-3.4.15/modules/video/perf/perf_optflowpyrlk.cpp",
			"labels" : 
			[
				"Main",
				"opencv_video",
				"PerfTest"
			]
		},
		{
			"file" : "/home/qw/opencv-3.4.15/modules/video/perf/perf_tvl1optflow.cpp",
			"labels" : 
			[
				"Main",
				"opencv_video",
				"PerfTest"
			]
		},
		{
			"file" : "/home/qw/opencv-3.4.15/modules/video/perf/perf_bgfg_utils.hpp",
			"labels" : 
			[
				"Main",
				"opencv_video",
				"PerfTest"
			]
		},
		{
			"file" : "/home/qw/opencv-3.4.15/modules/video/perf/perf_precomp.hpp",
			"labels" : 
			[
				"Main",
				"opencv_video",
				"PerfTest"
			]
		}
	],
	"target" : 
	{
		"labels" : 
		[
			"Main",
			"opencv_video",
			"PerfTest"
		],
		"name" : "opencv_perf_video"
	}
}